,observed_het,expected_het,difference,position,ref,alt
0,0.0019880715705765406,0.0019860953562916735,1.9762142848670818e-06,16050213,C,T
1,0.0019880715705765406,0.0019860953562916735,1.9762142848670818e-06,16050527,C,A
2,0.007952286282306162,0.007920666853748284,3.161942855787851e-05,16050607,G,A
3,0.0019880715705765406,0.0019860953562916735,1.9762142848670818e-06,16050678,C,T
4,0.0019880715705765406,0.0019860953562916735,1.9762142848670818e-06,16050688,C,T
5,0.041749502982107355,0.04087799248248086,0.0008715104996264919,16050840,C,G
6,0.003976143141153081,0.003968238284013612,7.904857139469194e-06,16050847,T,C
7,0.0019880715705765406,0.0019860953562916735,1.9762142848670818e-06,16050958,A,T
8,0.0019880715705765406,0.0019860953562916735,1.9762142848670818e-06,16051164,G,A
9,0.16699801192842942,0.16941689821310704,-0.002418886284677624,16051249,T,C
10,0.005964214711729622,0.005946428783165816,1.7785928563805904e-05,16051477,C,A
11,0.0019880715705765406,0.0019860953562916735,1.9762142848670818e-06,16051493,G,A
12,0.0019880715705765406,0.0019860953562916735,1.9762142848670818e-06,16051796,A,G
13,0.23856858846918488,0.21011110276709524,0.02845748570208964,16052080,G,A
14,0.0019880715705765406,0.0019860953562916735,1.9762142848670818e-06,16052428,G,A
15,0.04771371769383698,0.05035393997841974,-0.0026402222845827647,16052463,T,C
16,0.0019880715705765406,0.0019860953562916735,1.9762142848670818e-06,16052492,A,C
17,0.027833001988071572,0.027445663988237574,0.00038733799983399833,16052684,A,C
18,0.0019880715705765406,0.0019860953562916735,1.9762142848670818e-06,16052730,G,A
19,0.009940357852882704,0.00989095249576102,4.940535712168355e-05,16052837,C,T
20,0.147117296222664,0.1430462947958373,0.004071001426826704,16052962,C,T
21,0.1172962226640159,0.11391887245117761,0.00337735021283829,16052986,C,A
22,0.013916500994035786,0.013819666494077286,9.683449995850045e-05,16053139,G,A
23,0.0019880715705765406,0.0019860953562916735,1.9762142848670818e-06,16053202,C,A
24,0.005964214711729622,0.005946428783165816,1.7785928563805904e-05,16053249,C,T
25,0.033797216699801194,0.037059946484117166,-0.003262729784315972,16053254,G,A
26,0.1172962226640159,0.11391887245117761,0.00337735021283829,16053444,A,T
27,0.3976143141153082,0.39454722954519406,0.0030670845701141203,16053659,A,C
28,0.08946322067594434,0.08907390646182548,0.00038931421411886324,16053730,C,A
29,0.39363817097415504,0.3794331426945286,0.014205028279626442,16053791,C,A
30,0.16699801192842942,0.16941689821310704,-0.002418886284677624,16053862,C,T
31,0.23856858846918488,0.21011110276709524,0.02845748570208964,16053863,G,A
32,0.003976143141153081,0.003968238284013612,7.904857139469194e-06,16053979,G,A
33,0.0019880715705765406,0.0019860953562916735,1.9762142848670818e-06,16054199,C,A
34,0.02385685884691849,0.03130323427229861,-0.007446375425380125,16054311,T,C
35,0.16699801192842942,0.16941689821310704,-0.002418886284677624,16054454,C,T
36,0.0019880715705765406,0.0019860953562916735,1.9762142848670818e-06,16054646,T,C
37,0.003976143141153081,0.003968238284013612,7.904857139469194e-06,16054671,A,T
38,0.017892644135188866,0.017732570778114614,0.00016007335707425227,16054713,C,T
39,0.0019880715705765406,0.0019860953562916735,1.9762142848670818e-06,16054721,C,T
40,0.5546719681908548,0.4867119351485521,0.06796003304230275,16054740,A,G
41,0.005964214711729622,0.005946428783165816,1.7785928563805904e-05,16054751,T,C
42,0.0019880715705765406,0.0019860953562916735,1.9762142848670818e-06,16054882,C,T
43,0.0019880715705765406,0.0019860953562916735,1.9762142848670818e-06,16054888,A,G
44,0.0019880715705765406,0.0019860953562916735,1.9762142848670818e-06,16054960,C,T
45,0.2345924453280318,0.207075637625539,0.027516807702492818,16055070,G,A
46,0.0019880715705765406,0.0019860953562916735,1.9762142848670818e-06,16055098,G,A
47,0.0019880715705765406,0.0019860953562916735,1.9762142848670818e-06,16055105,G,A
48,0.147117296222664,0.1430462947958373,0.004071001426826704,16055122,G,T
49,0.03180914512922465,0.03130323427229861,0.0005059108569260354,16055171,G,A
50,0.003976143141153081,0.003968238284013612,7.904857139469194e-06,16055207,C,T
51,0.019880715705765408,0.019683094277278674,0.0001976214284867342,16055294,G,A
52,0.003976143141153081,0.003968238284013612,7.904857139469194e-06,16055340,C,T
53,0.0019880715705765406,0.0019860953562916735,1.9762142848670818e-06,16055470,G,T
54,0.0019880715705765406,0.0019860953562916735,1.9762142848670818e-06,16055581,A,T
55,0.033797216699801194,0.03322609077147453,0.0005711259283266643,16055858,C,T
56,0.0019880715705765406,0.0019860953562916735,1.9762142848670818e-06,16055879,A,T
57,0.0019880715705765406,0.0019860953562916735,1.9762142848670818e-06,16055924,C,T
58,0.4194831013916501,0.38040741633696823,0.0390756850546819,16055942,C,T
59,0.0019880715705765406,0.0019860953562916735,1.9762142848670818e-06,16056120,G,A
60,0.0019880715705765406,0.0019860953562916735,1.9762142848670818e-06,16056730,C,T
61,0.0019880715705765406,0.0019860953562916735,1.9762142848670818e-06,16056731,C,T
62,0.017892644135188866,0.017732570778114614,0.00016007335707425227,16056801,G,T
63,0.003976143141153081,0.003968238284013612,7.904857139469194e-06,16057078,C,T
64,0.005964214711729622,0.005946428783165816,1.7785928563805904e-05,16057248,G,A
65,0.03180914512922465,0.03130323427229861,0.0005059108569260354,16057310,G,A
66,0.06560636182902585,0.06345426447280532,0.002152097356220531,16057320,G,A
67,0.17296222664015903,0.17424874213960767,-0.0012865154994486372,16057417,C,T
68,0.0019880715705765406,0.0019860953562916735,1.9762142848670818e-06,16057523,G,A
69,0.0019880715705765406,0.0019860953562916735,1.9762142848670818e-06,16057541,G,A
70,0.0019880715705765406,0.0019860953562916735,1.9762142848670818e-06,16057593,G,A
71,0.0019880715705765406,0.0019860953562916735,1.9762142848670818e-06,16057706,G,A
72,0.003976143141153081,0.003968238284013612,7.904857139469194e-06,16057785,C,T
73,0.0019880715705765406,0.0019860953562916735,1.9762142848670818e-06,16057850,G,A
74,0.03180914512922465,0.03130323427229861,0.0005059108569260354,16058070,A,G
75,0.005964214711729622,0.005946428783165816,1.7785928563805904e-05,16058673,T,G
76,0.39363817097415504,0.36330723413001115,0.030330936844143896,16058758,C,A
77,0.40357852882703776,0.38040741633696823,0.023171112490069534,16058766,G,A
78,0.40357852882703776,0.38040741633696823,0.023171112490069534,16058767,A,G
79,0.20278330019880716,0.493579279788466,-0.29079597958965886,16058883,A,G
80,0.0019880715705765406,0.0019860953562916735,1.9762142848670818e-06,16059063,A,C
81,0.0019880715705765406,0.0019860953562916735,1.9762142848670818e-06,16059200,G,T
82,0.0019880715705765406,0.0019860953562916735,1.9762142848670818e-06,16059813,T,A
83,0.0019880715705765406,0.0019860953562916735,1.9762142848670818e-06,16059952,G,A
84,0.0019880715705765406,0.0019860953562916735,1.9762142848670818e-06,16059970,C,T
85,0.19284294234592445,0.19941780727167807,-0.006574864925753626,16059973,C,A
86,0.007952286282306162,0.007920666853748284,3.161942855787851e-05,16060098,G,A
87,0.0019880715705765406,0.0019860953562916735,1.9762142848670818e-06,16060205,G,A
88,0.0019880715705765406,0.0019860953562916735,1.9762142848670818e-06,16060308,G,A
89,0.0019880715705765406,0.0019860953562916735,1.9762142848670818e-06,16060360,C,T
90,0.015904572564612324,0.015778094850380814,0.00012647771423151058,16060389,G,A
91,0.013916500994035786,0.013819666494077286,9.683449995850045e-05,16060505,T,C
92,0.4254473161033797,0.4408538826682055,-0.015406566564825808,16060513,T,C
93,0.4254473161033797,0.4408538826682055,-0.015406566564825808,16060515,C,T
94,0.4254473161033797,0.4408538826682055,-0.015406566564825808,16060517,T,C
95,0.4254473161033797,0.4408538826682055,-0.015406566564825808,16060567,T,G
96,0.027833001988071572,0.027445663988237574,0.00038733799983399833,16060732,G,A
97,0.007952286282306162,0.01185728570920402,-0.0039049994268978584,16060757,C,T
98,0.0019880715705765406,0.0019860953562916735,1.9762142848670818e-06,16060791,G,A
99,0.38966202783300197,0.3774727381239403,0.01218928970906169,16060797,A,C
100,0.005964214711729622,0.005946428783165816,1.7785928563805904e-05,16060866,G,A
101,0.41749502982107356,0.3833065226928687,0.03418850712820487,16061016,T,C
102,0.0019880715705765406,0.0019860953562916735,1.9762142848670818e-06,16061155,G,C
103,0.0019880715705765406,0.0019860953562916735,1.9762142848670818e-06,16061158,C,T
104,0.0019880715705765406,0.0019860953562916735,1.9762142848670818e-06,16061280,C,T
105,0.0019880715705765406,0.0019860953562916735,1.9762142848670818e-06,16061304,T,C
106,0.0019880715705765406,0.0019860953562916735,1.9762142848670818e-06,16061671,T,C
107,0.0019880715705765406,0.0019860953562916735,1.9762142848670818e-06,16061697,G,A
108,0.005964214711729622,0.005946428783165816,1.7785928563805904e-05,16061746,G,A
109,0.0019880715705765406,0.0019860953562916735,1.9762142848670818e-06,16061902,C,A
110,0.007952286282306162,0.007920666853748284,3.161942855787851e-05,16061949,G,C
111,0.5427435387673957,0.486055832005976,0.056687706761419654,16061992,A,C
112,0.013916500994035786,0.017732570778114614,-0.003816069784078828,16062096,T,G
113,0.013916500994035786,0.013819666494077286,9.683449995850045e-05,16062270,G,T
114,0.0019880715705765406,0.0019860953562916735,1.9762142848670818e-06,16062304,C,T
115,0.12127236580516898,0.12776818215952793,-0.0064958163543589464,16062988,C,T
116,0.017892644135188866,0.017732570778114614,0.00016007335707425227,16062995,G,A
117,0.0019880715705765406,0.0019860953562916735,1.9762142848670818e-06,16063104,G,A
118,0.5546719681908548,0.4891782505760665,0.06549371761478834,16063154,T,G
119,0.11133200795228629,0.11914200680608197,-0.0078099988537956855,16063369,C,T
120,0.02385685884691849,0.02357228398989759,0.00028457485702089794,16063753,A,G
121,0.0019880715705765406,0.0019860953562916735,1.9762142848670818e-06,16064151,T,A
122,0.0019880715705765406,0.0019860953562916735,1.9762142848670818e-06,16064381,C,A
123,0.0019880715705765406,0.0019860953562916735,1.9762142848670818e-06,16064462,C,A
124,0.0019880715705765406,0.0019860953562916735,1.9762142848670818e-06,16064795,G,T
125,0.0019880715705765406,0.0019860953562916735,1.9762142848670818e-06,16064884,T,G
